{"pb-IF4nDUg9": 10, "pb-IF5dUmweHQ==": 20, "pb-IF4IVBU8PA==": 90, "pb-IF4OUhU9Jg==": 10, "pb-IF4nVUNTDw==": 10, "pb-IF4qVWEqCw==": 40, "pb-IF5WVW0jVQ==": 20, "pb-IF5SV3Y9Kw==": 90, "pb-IF4LV3dYXA==": 10, "pb-JiNJARFfVUVHWVZDFkVUVFNCEUVYQlNF": 190, "pb-IF4KUnQlKQ==": 10, "pb-IF40VXBeAQ==": 220, "pb-IF4qV2xcVQ==": 40, "pb-IF4lUmgjAg==": 10, "pb-IF4-J2cH": 50, "pb-IF5QUkUkFw==": 10, "pb-IF4JVXJZAA==": 10, "pb-IF41Uhg6XQ==": 10, "pb-IF4HVHpcFQ==": 40, "pb-IF4QUhlZEA==": 80, "pb-IF48UnYtIQ==": 10, "pb-IF4IVxQ4Dw==": 10, "pb-IF5TVUIsBw==": 20, "pb-JiNJARFdXEBAWFZEF0JTVFZLFEVaQVBD": 10, "pb-IF4WVFMOHw==": 250, "pb-IF4UVUQdKw==": 10, "pb-IF4sVGJbVA==": 40, "pb-IF4jUmkNLg==": 10, "pb-IF4JUnQhFA==": 20, "pb-IF4wVUMsNw==": 80, "pb-IF4wVFM9Dw==": 20, "pb-IF4zVXlTHw==": 120, "pb-IF5UUkIpPw==": 10, "pb-IF4HUmRaKg==": 20, "pb-JiNJVxFaUURGW1hFGUFWVFNBE0JaQlJF": 110, "pb-IF5SUmIuPQ==": 20, "pb-IF4TVVYRLA==": 105, "pb-IF4jVW4fKA==": 181, "pb-IF4CVRElEg==": 10, "pb-IF4yUnM7Uw==": 20, "pb-IF4FVUUPIg==": 10, "pb-IF4QUnUPJw==": 40, "pb-IF4BUhcRIA==": 10, "pb-IF4PVVAhKA==": 10, "pb-JiNJARBaUkZAXFdHFUJVVlNKF0BXQ1NH": 20, "pb-IF4MVXMhFw==": 10, "pb-IF4UUhImNw==": 10, "pb-IF4GVWs9VQ==": 20, "pb-IF4TVXAJHw==": 10, "pb-IF4zVEwuEQ==": 320, "pb-JiNJARFeV0ZJWV9DGURSV1RLEEZZQFVL": 10, "pb-IF43VXUEUg==": 20, "pb-IF4pVWouIw==": 0, "pb-IF4OUm85Lw==": 140, "pb-IF4nUhAJPA==": 20, "pb-IF4FVVZcHQ==": 10, "pb-IF4zVGwjIA==": 10, "pb-IF4rF28P": 10, "pb-IF5cVRgxAA==": 120, "pb-IF4LUnceLg==": 10, "pb-IF4DVWoCNA==": 10, "pb-IF4tVVpfMg==": 50, "pb-IF4xUm87Kw==": 140, "pb-IF4iVVcxVQ==": 40, "pb-IF4OVUIyPA==": 10, "pb-IF4LVEk7Eg==": 70, "pb-IF40UmQACQ==": 10, "pb-IF5dVWwmFg==": 30, "pb-IF4WUnI-MA==": 10, "pb-IF43Ung_KA==": 30, "pb-IF4cVVImAw==": 10, "pb-JiNJARBYVEpGXF1HFkdVVFdKF0BcQlRK": 120, "pb-IF4TVUofIw==": 10, "pb-IF4eUhk9CQ==": 10, "pb-IF4lVRVbVw==": 1090, "pb-IF4vB00a": 4990, "pb-IF4vUnACJg==": 10, "pb-IF4UUmcMEg==": 20, "pb-IF4uVXEhUQ==": 10, "pb-IF4ULUgi": 10, "pb-IF4FVUMZUA==": 40, "pb-IF4jA0wE": 360, "pb-IF4-VEZYDg==": 10, "pb-IF4uFxUg": 1540, "pb-IF4HUhFYKw==": 10, "pb-IF4TB0kj": 20, "pb-IF4uUmEnDQ==": 20, "pb-IF4rVWsFJw==": 30, "pb-IF41UhAuVw==": 10}