{
    "pb-IF43VVICBA==": [
        "Android52842204"
    ], 
    "pb-IF48VUsTVw==": [
        "Android52166989"
    ], 
    "pb-IF49VUcmUQ==": [
        "MartionSailor"
    ], 
    "pb-IF49VXk9LQ==": [
        "Android50569236"
    ], 
    "pb-IF4HUm46Fw==": [
        "COLONELLHAMED"
    ], 
    "pb-IF4IVBU8PA==": [
        "PromisingWagon3"
    ], 
    "pb-IF4JUhAxXQ==": [
        "Android53608558"
    ], 
    "pb-IF4JUncnDQ==": [
        "ShortestCosmonaut363"
    ], 
    "pb-IF4KVUs-Kg==": [
        "HeadstrongRidicule16"
    ], 
    "pb-IF4MUhkYLw==": [
        "kullanadibhai"
    ], 
    "pb-IF4NVEo_NQ==": [
        "Sîvá07"
    ], 
    "pb-IF4OVUlZXQ==": [
        "veer0429"
    ], 
    "pb-IF4TV0UpLg==": [
        "RebelOperation9290"
    ], 
    "pb-IF4VDE8e": [
        "RetroPlesiosaur73523"
    ], 
    "pb-IF4eVU8OJw==": [
        "PC337197"
    ], 
    "pb-IF4gUngFKQ==": [
        "Android57276038"
    ], 
    "pb-IF4iVVcxVQ==": [
        "GhostThanosXT"
    ], 
    "pb-IF4uVVAHAw==": [
        "Android54227613"
    ], 
    "pb-IF4uVVgAAA==": [
        "Android53475114"
    ], 
    "pb-IF4vB00a": [
        "SerialKillerAJ"
    ], 
    "pb-IF4xUhYtEg==": [
        "TATTIOOTBB"
    ], 
    "pb-IF4xVHMaLA==": [
        "ExtremeJay22569"
    ], 
    "pb-IF4zUmodCg==": [
        "CreditableCover45"
    ], 
    "pb-IF4zVUETHw==": [
        "OpticCrab27"
    ], 
    "pb-IF5QUhg4Mg==": [
        "UnquestionedGain27"
    ], 
    "pb-IF5RVVAPAw==": [
        "MetabolicEfficiency"
    ], 
    "pb-IF5SUhI7Hw==": [
        "titugujjar9"
    ], 
    "pb-IF5ULXVb": [
        "YUVRAJPUNDIR2003"
    ], 
    "pb-JiNJARFfVEBIWFdIGERTVFNDGEhfRlhL": [
        "WickedBogeyman922"
    ]
}